[
  {
    "value": "Plain bagel",
    "synonyms": [
      "Plain bagel",
      "Normal Bagel"
    ]
  },
  {
    "value": "Multigrain Bagel",
    "synonyms": [
      "Multigrain Bagel"
    ]
  },
  {
    "value": "Cinnamon \u0026 Raisin Bagel",
    "synonyms": [
      "Cinnamon \u0026 Raisin Bagel",
      "Cinnamon Bagel",
      "Raisin Bagel"
    ]
  },
  {
    "value": "Everything Bagel",
    "synonyms": [
      "Everything Bagel",
      "Bagel with everything"
    ]
  },
  {
    "value": "Sesame Bagel",
    "synonyms": [
      "Sesame Bagel"
    ]
  },
  {
    "value": "Everything",
    "synonyms": [
      "Everything"
    ]
  },
  {
    "value": "Plain",
    "synonyms": [
      "Plain"
    ]
  },
  {
    "value": "Sesame",
    "synonyms": [
      "Sesame"
    ]
  }
]